{"epoch": 2000, "least_cost": 2007.6510214139503, "_timestamp": 1667660248.827497, "_runtime": 26.759191036224365, "_step": 2000, "test_loss": 462.9784813386405, "_wandb": {"runtime": 25}}