{"epoch": 2000, "least_cost": 156.0688056112091, "_timestamp": 1667660056.6522155, "_runtime": 28.438010454177856, "_step": 2000, "test_loss": 59.7414314468265, "_wandb": {"runtime": 26}}