{"epoch": 1000, "least_cost": 463.22100098949556, "_timestamp": 1667650496.2295957, "_runtime": 4.83366060256958, "_step": 999, "_wandb": {"runtime": 15}}