{"epoch": 2000, "least_cost": 154.85081288741236, "_timestamp": 1667660456.2285166, "_runtime": 29.012938499450684, "_step": 2000, "test_loss": 63.57730515328889, "_wandb": {"runtime": 56}}