{"epoch": 2000, "least_cost": 172.96870045891106, "_timestamp": 1667659768.5608294, "_runtime": 28.876749515533447, "_step": 2000, "test_loss": 74.83783017394478, "_wandb": {"runtime": 122}}