{"epoch": 2000, "least_cost": 152.95035752790497, "_timestamp": 1667660519.508987, "_runtime": 29.263581037521362, "_step": 2000, "test_loss": 64.58737821023104, "_wandb": {"runtime": 27}}