{"epoch": 2000, "least_cost": 195.69753218943384, "_timestamp": 1667659897.5901022, "_runtime": 28.974839210510254, "_step": 2000, "test_loss": 91.82363052739598, "_wandb": {"runtime": 27}}