{"epoch": 2000, "least_cost": 153.75652899474116, "_timestamp": 1667659995.799644, "_runtime": 30.458834886550903, "_step": 2000, "test_loss": 61.27495631035893, "_wandb": {"runtime": 56}}