{"epoch": 1000, "least_cost": 6840.499364707867, "_timestamp": 1667650517.4232476, "_runtime": 4.831356525421143, "_step": 999, "_wandb": {"runtime": 3}}