{"epoch": 2000, "least_cost": 208.1470634388531, "_timestamp": 1667660151.6615553, "_runtime": 26.60715937614441, "_step": 2000, "test_loss": 63.98257257451933, "_wandb": {"runtime": 90}}