{"epoch": 2000, "least_cost": 159.26920823424362, "_timestamp": 1667659543.8997188, "_runtime": 30.33159375190735, "_step": 2000, "test_loss": 57.89120345567148, "_wandb": {"runtime": 29}}