{"epoch": 2000, "least_cost": 301.0053429714934, "_timestamp": 1667651158.1356502, "_runtime": 6.244058132171631, "_step": 1999, "_wandb": {"runtime": 5}}