{"epoch": 2000, "least_cost": 2268.2499999999995, "_timestamp": 1667660300.3648121, "_runtime": 26.691761016845703, "_step": 2000, "test_loss": 524.2199968666033, "_wandb": {"runtime": 94}}