{"epoch": 2000, "least_cost": 2198.3012058660433, "_timestamp": 1667660403.7669046, "_runtime": 28.95322561264038, "_step": 2000, "test_loss": 514.548414411975, "_wandb": {"runtime": 27}}