{"epoch": 2000, "least_cost": 169.36370666133203, "_timestamp": 1667659306.322526, "_runtime": 31.531254053115845, "_step": 2000, "test_loss": 57.66388525637495, "_wandb": {"runtime": 29}}