{"epoch": 1000, "least_cost": 542.2176829963424, "_timestamp": 1667650469.5595195, "_runtime": 4.990368604660034, "_step": 999, "_wandb": {"runtime": 3}}