{"epoch": 2000, "least_cost": 199.44293752673494, "_timestamp": 1667651338.1873267, "_runtime": 32.21070957183838, "_step": 1999, "_wandb": {"runtime": 7961}}